{
  "epoch": [
    1,
    2,
    3,
    4,
    5,
    6,
    7,
    8,
    9,
    10,
    11,
    12,
    13,
    14,
    15,
    16,
    17
  ],
  "train_loss": [
    1.2084561623025218,
    0.7244107536658047,
    0.5248757321570263,
    0.4300281595270781,
    0.37833008183953803,
    0.3477303943493397,
    0.32773428345009303,
    0.3144567155377253,
    0.3049163576292587,
    0.2979304315832614,
    0.2928545050295734,
    0.2888200110971296,
    0.28585022365142204,
    0.28340622469728577,
    0.2814349946496699,
    0.27981551302629554,
    0.2784869372960057
  ],
  "val_loss": [
    0.8686759336749857,
    0.5574870301011743,
    0.41207537209346085,
    0.33194994512825876,
    0.28405771949438,
    0.2499748011799474,
    0.22639669742169713,
    0.2093397454109442,
    0.19638626410886564,
    0.1857893705685363,
    0.177188945444009,
    0.17030579089081246,
    0.16457353772106223,
    0.15976369183418784,
    0.15581110945532697,
    0.15238024510325066,
    0.14927403144057289
  ],
  "train_acc": [
    0.9945436507936508,
    0.9955357142857143,
    0.9955357142857143,
    0.9955357142857143,
    0.9955357142857143,
    0.9955357142857143,
    0.996031746031746,
    0.9965277777777778,
    0.9965277777777778,
    0.9970238095238095,
    0.9965277777777778,
    0.9970238095238095,
    0.9970238095238095,
    0.9970238095238095,
    0.9970238095238095,
    0.9970238095238095,
    0.9970238095238095
  ],
  "val_acc": [
    0.9940476190476191,
    0.996031746031746,
    0.996031746031746,
    0.996031746031746,
    0.996031746031746,
    0.996031746031746,
    0.996031746031746,
    0.996031746031746,
    0.998015873015873,
    0.998015873015873,
    0.998015873015873,
    0.998015873015873,
    0.998015873015873,
    0.998015873015873,
    0.998015873015873,
    0.998015873015873,
    0.998015873015873
  ],
  "lr": [
    0.5,
    0.475,
    0.45125,
    0.42868749999999994,
    0.40725312499999994,
    0.38689046874999994,
    0.3675459453124999,
    0.34916864804687486,
    0.3317102156445311,
    0.31512470486230454,
    0.2993684696191893,
    0.2844000461382298,
    0.2701800438313183,
    0.25667104163975235,
    0.24383748955776471,
    0.23164561507987647,
    0.22006333432588263
  ]
}